Datasets,1st_run,2nd_run,3rd_run,Training_Time
6,0.99988,0.9996,1.0,487.642559
9,0.54771,0.54771,0.54771,496.456352
35,0.55851,0.61412,0.62108,486.141251
57,0.85401,0.9904,0.99904,485.174644
48,0.79944,0.80028,0.79792,497.101856
14,0.60132,0.60536,0.61588,507.589231
36,0.54787,0.54587,0.54787,501.812133
32,1.0,0.96395,1.0,487.619784
39,0.52102,0.52102,0.52102,494.844682
